Reputation,LuFid,EinheitlicheID,Exz_gefoerdert_FJ,Profs,Mitarbeiter,Drittmitteleinnahmen,Grundmittel,DiplBaMa,StudierendeGesamt,Zitationen,Publikationen,Foerderphase,FoerderungPhase1,DM_DFG_Mittel
0,6,59,0,16.4,49.400002,.4328318978764347,4.791191493714109,684.59998,.6846,0,0,1,0,2.011587528085318
0,8,59,0,14,53,1.142629996161005,4.266429609451387,369.20001,.36920002,0,.00020000001,1,0,2.011587528085318
0,11,59,0,0,,0,.0011364164653789,,0,0,0,1,0,2.011587528085318
0,13,59,0,2.4,9.8000002,.3530688427525321,.6371042303246267,,0,.038200002,.0040000002,1,0,2.011587528085318
0,15,59,0,9.6,29.6,.0942870468381947,1.717447401866702,596.79999,.59679997,.0148,.0020000001,1,0,2.011587528085318
0,17,59,0,0,,0,.2706150860065354,,0,0,0,1,0,2.011587528085318
0,23,59,0,0,,0,.0270285019653545,,0,0,0,1,0,2.011587528085318
0,25,59,0,9.199999999999999,28.4,.4809957314284107,2.545859579674149,387.79999,.38779998,.022,.0034,1,0,2.011587528085318
0,26,59,0,20.2,113.4,5.970127917171926,8.044247006414944,32.666668,.032666668,0,0,1,0,2.011587528085318
0,28,59,0,0,.25,0,.0371427230753611,,0,0,0,1,0,2.011587528085318
0,29,59,0,1,1,0,,,0,0,0,1,0,2.011587528085318
0,30,59,0,1,0,0,.0308531024106203,,0,0,0,1,0,2.011587528085318
0,31,59,0,11.6,55.599998,4.01127854247192,4.769604967734014,235.8,.2358,.063000001,.016799999,1,0,2.011587528085318
0,32,59,0,10,23.799999,.1461947528555145,2.294128358176799,118.6,.1186,.021399999,.0054000001,1,0,2.011587528085318
0,33,59,0,0,,0,.1986874849759779,,0,0,0,1,0,2.011587528085318
0,35,59,0,0,,0,.0516483516331267,,0,.0049999999,0,1,0,2.011587528085318
0,37,59,0,9.199999999999999,49.200001,.6636425291838842,2.274779836187178,73.400002,.073399998,.1838,.0328,1,0,2.011587528085318
0,40,59,0,4.6,10,.0559039723265023,1.044228471362435,1135,1.135,.00080000004,0,1,0,2.011587528085318
0,42,59,0,0,.2,0,.0500643108294476,,0,0,0,1,0,2.011587528085318
0,43,59,0,0,,0,.1178489702260227,,0,0,0,1,0,2.011587528085318
0,48,59,0,1,3,.1347716691591685,.2542045579641338,,0,.00040000002,.00020000001,1,0,2.011587528085318
0,49,59,0,0,.2,.0335093277608775,.7624344371437966,,0,0,0,1,0,2.011587528085318
0,50,59,0,1,2.5999999,.1521759516972443,1.060000119886664,95,.094999999,0,0,1,0,2.011587528085318
0,51,59,0,5.2,23.200001,.4184423954126508,.37536603225754,,0,.0014,.00020000001,1,0,2.011587528085318
0,52,59,0,.6,1.8,.0209329336436209,.4629045294753427,,0,0,0,1,0,2.011587528085318
0,55,59,0,0,,0,,627.59998,.62759995,0,0,1,0,2.011587528085318
0,56,59,0,7.8,17.4,.111749039042562,1.85952639740167,17.799999,.0178,.0080000004,.0024000001,1,0,2.011587528085318
0,2,74,0,1,10.6,0,,,0,.1506,.0060000001,1,0,32.29305537589401
0,3,74,0,0,,0,.0152370203123047,64.199997,.064199999,0,.00060000003,1,0,32.29305537589401
0,6,74,0,11.2,70,1.494720934440973,6.804156229777198,944.40002,.94440001,0,0,1,0,32.29305537589401
0,8,74,0,20.6,218.8,12.7478246339986,15.24623776163859,792.40002,.7924,.015,.0020000001,1,0,32.29305537589401
0,11,74,0,1,2.8,0,.3136864464046956,,0,0,0,1,0,32.29305537589401
0,12,74,0,9.6,52.400002,1.566082559140354,4.239938021381827,353.20001,.38999999,1.478,.034000002,1,0,32.29305537589401
0,13,74,0,18,170.60001,2.89340103002172,12.52950698824872,487.20001,.51999998,4.5912004,.14760001,1,0,32.29305537589401
1,15,74,0,17.8,158.2,6.829172475638707,12.37866763557674,1459.8,1.4604,.153,.022799999,1,0,32.29305537589401
0,17,74,0,2.8,5,.0785818730857281,.619895833418075,171,.171,.0041999999,.00060000003,1,0,32.29305537589401
0,20,74,0,3,8.6000004,.1394185694588898,.9996602807740935,153.39999,.2024,.0099999998,.00060000003,1,0,32.29305537589401
0,21,74,0,11.2,99.199997,5.357537584921536,3.932609923054073,299.60001,.29960001,1.3026,.071999997,1,0,32.29305537589401
0,22,74,0,3,4.4000001,.029838563309041,.5665183120897062,343.79999,.50279999,.00060000003,.00020000001,1,0,32.29305537589401
0,23,74,0,2,5.8000002,.0815605780845594,.60597629090644,160.60001,.16060001,.0014,.00060000003,1,0,32.29305537589401
0,25,74,0,19.8,211.39999,9.842582492547724,12.48829050578764,2642.6001,2.6431999,.4224,.022799999,1,0,32.29305537589401
0,26,74,0,0,0,3.526460003077151,0,27,.027000001,0,0,1,0,32.29305537589401
0,29,74,0,2,2.2,.0065735108567643,.3883042233960381,142.39999,.1424,0,0,1,0,32.29305537589401
1,31,74,0,38.8,409.20001,19.93500855265653,31.43819841226685,2544,2.5439999,1.6766,.13419999,1,0,32.29305537589401
0,32,74,0,20.4,62,.5858140838152384,7.063105387606115,594.20001,.72840005,.47460002,.062400002,1,0,32.29305537589401
0,33,74,0,0,1.75,3.536622895667243,.1622773545532755,,0,0,0,1,0,32.29305537589401
0,34,74,0,0,.40000001,0,.0605808708856759,51.799999,.051799998,.001,0,1,0,32.29305537589401
0,36,74,0,1.6,5.5999999,.067560337693046,.4964049903672539,80.599998,.080600001,.00080000004,.00020000001,1,0,32.29305537589401
1,37,74,1,22.8,153.8,4.930627422087593,9.734911824624451,674.79999,.7098,9.4865999,.37799999,1,1,32.29305537589401
0,38,74,0,0,,0,0,,0,.052000001,.0040000002,1,0,32.29305537589401
0,40,74,0,5.6,24,.1760339685428862,.9782831253297266,33.400002,.033400003,.0044,0,1,0,32.29305537589401
0,42,74,0,2.4,8.1999998,.0758672298010216,.4822644693032136,,0,.0018,.00020000001,1,0,32.29305537589401
0,48,74,0,1,2.8,.0503518367094679,.3312280954385103,0,0,.0086000003,.0022,1,0,32.29305537589401
0,49,74,0,2,15.2,.3385939361853602,1.707866712946816,173.39999,.2538,0,0,1,0,32.29305537589401
0,50,74,0,0,5,.1213142802715709,.8007448813797512,,0,0,0,1,0,32.29305537589401
0,52,74,0,4,30.200001,.5701216896528719,2.611516989537794,78.199997,.078199998,0,0,1,0,32.29305537589401
0,55,74,0,20.4,119.8,5.120898999402941,10.28429255080035,2405.8,2.4058001,0,0,1,0,32.29305537589401
0,56,74,0,7,42.75,0,,158.39999,.1584,.1124,.016000001,1,0,32.29305537589401
0,1,75,0,0,,1.370810810708,0,,0,0,0,1,0,20.35389547944164
0,2,75,0,16,74.800003,1.449782508624955,7.115172072581632,495,.6742,.315,.029200001,1,0,20.35389547944164
0,3,75,0,.5,.25,0,.073982650221391,,0,.00040000002,.00020000001,1,0,20.35389547944164
0,5,75,0,7.2,8.3999996,.0123175923157829,1.681652342155905,344.60001,.63020003,.0024000001,.0022,1,0,20.35389547944164
0,6,75,0,20.4,55.200001,.3213417606148438,6.785350365645786,851,1.0175999,.00020000001,0,1,0,20.35389547944164
0,8,75,0,21.2,167,6.439878630219886,6.727630214201735,785.59998,.78559995,.0040000002,.00020000001,1,0,20.35389547944164
0,11,75,0,0,,0,,0,0,0,0,1,0,20.35389547944164
0,12,75,0,9.4,40.599998,1.132865526603451,3.277268926666786,458.20001,.61799997,1.331,.0704,1,0,20.35389547944164
0,13,75,0,17.4,111.8,3.338582627098587,6.135280168189462,837.59998,.91059995,1.747,.075400002,1,0,20.35389547944164
0,14,75,0,0,,0,,1.25,.0072499998,0,0,1,0,20.35389547944164
0,15,75,0,16.6,119.8,3.162763339394969,6.918525298769517,850.20001,.88480002,.1152,.012800001,1,0,20.35389547944164
0,16,75,0,3.2,6.8000002,.0018486721604677,.4826481287664549,0,.0063333334,.032200001,.0068000001,1,0,20.35389547944164
0,17,75,0,30.8,78.199997,.2800984740819647,7.167401244932114,651.79999,.75259995,.0040000002,.0020000001,1,0,20.35389547944164
0,18,75,0,0,,.015135135134,.001081081081,.80000001,.058400001,0,.00040000002,1,0,20.35389547944164
0,20,75,0,3.6,13,.1735758525913528,.9163172888046601,356.20001,.36939999,.0066,.00040000002,1,0,20.35389547944164
0,21,75,0,8,34.799999,1.010618874105748,2.47934907357516,472,.472,.56199998,.034200002,1,0,20.35389547944164
0,22,75,0,10.2,9.3999996,.114387962784707,1.725816564578843,690.20001,1.2718,.0024000001,.0022,1,0,20.35389547944164
0,23,75,0,7,14.2,.2215554152288155,2.062314869237788,467.60001,.54960001,.003,.0014,1,0,20.35389547944164
0,24,75,0,0,,0,,0,.090999998,.015600001,.00080000004,1,0,20.35389547944164
0,25,75,0,9.6,48,1.943358980048012,4.101821755429642,528.20001,.52820003,.125,.010600001,1,0,20.35389547944164
0,26,75,0,0,0,0,.0016216216215,78.199997,.078199998,0,0,1,0,20.35389547944164
0,27,75,0,0,,.0050450450446667,.0234260531034037,1.2,.021600001,0,.00040000002,1,0,20.35389547944164
0,29,75,0,1,4,0,,0,.0616,0,0,1,0,20.35389547944164
0,30,75,0,11.6,37.599998,1.13129058968317,3.01880024169545,604.40002,.60440004,0,0,1,0,20.35389547944164
0,31,75,0,18.2,300.20001,23.74534822600463,7.422021610807952,1269.4,1.5472,.73900002,.0568,1,0,20.35389547944164
0,32,75,0,20.4,42.200001,.5795802394331662,4.708838913109799,509.60001,1.018,.3396,.0438,1,0,20.35389547944164
0,33,75,0,2,.5,.0022206959698286,1.618090349768544,63.5,.063500002,0,0,1,0,20.35389547944164
0,34,75,0,0,,0,,0,.078400001,.00020000001,.00020000001,1,0,20.35389547944164
0,36,75,0,5.4,7.1999998,.0246552940221187,1.544545094116733,218.39999,.23800001,.0014,0,1,0,20.35389547944164
0,37,75,1,17.8,103.4,3.264229066845523,6.577228985605504,334.39999,.35579997,3.1389999,.1758,1,1,20.35389547944164
0,38,75,0,6.6,12.8,.1435956835679272,1.46399873735123,377,.41240001,.012399999,.0022,1,0,20.35389547944164
0,39,75,0,3.2,6.8000002,.0731913919102445,.2977829546083665,199.2,.1992,.0146,.00080000004,1,0,20.35389547944164
0,41,75,0,0,,.1350446427980307,0,0,.001,0,0,1,0,20.35389547944164
0,42,75,0,22.4,41.200001,.7058191019218908,5.310328740721335,2207.6001,2.2076001,.00080000004,0,1,0,20.35389547944164
0,44,75,0,4,4.1999998,.003331043954743,.8950832526832131,108.8,.1952,.0024000001,.0022,1,0,20.35389547944164
0,45,75,0,.5,0,.0011160714280829,.0156249999931606,,0,.0026666666,.0020000001,1,0,20.35389547944164
0,46,75,0,5.5,12,.0018601190468048,2.07181962165863,246.8,.90779996,0,0,1,0,20.35389547944164
0,48,75,0,5.6,14.6,.1982677147582904,1.726648443953899,1401.4,1.4098001,.0034,.001,1,0,20.35389547944164
0,49,75,0,3,6.5999999,.0237019540089708,1.066955530073512,11.6,.214,0,0,1,0,20.35389547944164
0,50,75,0,0,,0,.0456929078694265,0,.0026,0,0,1,0,20.35389547944164
0,52,75,0,5.8,42.599998,1.78084023191323,1.875146148423133,167,.167,0,0,1,0,20.35389547944164
0,55,75,0,0,,0,,211.60001,.21160001,0,0,1,0,20.35389547944164
0,56,75,0,17.4,75.599998,.937221190674706,7.709876093060275,2310.6001,2.3106,.0396,.011399999,1,0,20.35389547944164
0,3,82,0,1,8,0,.1760758128587072,1.2,.0012000001,.00060000003,.00020000001,1,0,36.22687162008341
0,5,82,0,4.6,11,.0693216906151366,1.385357370164644,316.60001,.57440001,.0018,.001,1,0,36.22687162008341
0,6,82,0,18.8,94.400002,.7908403258091857,8.60712450159509,1390.6,1.3922,.00020000001,0,1,0,36.22687162008341
0,7,82,0,0,,.0149442190044781,.8426050452853157,,0,.0018,.001,1,0,36.22687162008341
0,8,82,0,17.2,190,11.03593431395126,18.82082504232516,1044.4,1.1392,.0066,.0012000001,1,0,36.22687162008341
0,9,82,0,21.4,240.39999,17.3020614477164,15.62197376833287,950.79999,.9508,.1238,.021200001,1,0,36.22687162008341
0,10,82,0,0,,0,,652,.65200001,.003,0,1,0,36.22687162008341
0,12,82,0,15.6,105.6,3.794830153411578,7.105270905518815,637.20001,.73559999,2.7609999,.1256,1,0,36.22687162008341
1,13,82,0,21.2,201,5.578855292762023,12.88288307716162,578.79999,.6232,4.3189998,.20439999,1,0,36.22687162008341
1,15,82,1,22.2,278.20001,12.30273671174441,22.66582291562229,2166.3999,2.1848001,.21799999,.0262,1,1,36.22687162008341
0,17,82,0,2.2,5.8000002,.113138672140845,.7006262106127794,203,.20299999,.011399999,.0012000001,1,0,36.22687162008341
0,18,82,0,1.8,3,.0008648648648,.3068950887575813,0,.0046000001,0,0,1,0,36.22687162008341
0,20,82,0,4,13.8,.2908278150707223,1.454579150473067,908.40002,.9084,.0052,.00020000001,1,0,36.22687162008341
0,21,82,0,11.4,61.400002,2.963195593215135,4.928108021115074,220.60001,.22060001,.39220002,.0374,1,0,36.22687162008341
0,22,82,0,9.4,30.6,1.00274599902731,2.165035768542853,589.20001,.89200002,.0018,.001,1,0,36.22687162008341
0,23,82,0,6,11.6,.1892781022841442,1.149528078894561,295.79999,.35499999,.0012000001,.00040000002,1,0,36.22687162008341
0,25,82,1,20.6,109.4,5.134415389557586,6.399865166736989,2226,2.2420001,.43279999,.0416,1,1,36.22687162008341
0,26,82,0,1,3,0,,29,.028999999,0,0,1,0,36.22687162008341
0,27,82,0,2.2,3.5999999,.0026111100818729,.4741380535942986,1,.0272,0,0,1,0,36.22687162008341
0,29,82,0,2.4,5.1999998,.0657989741306605,.6154648559270282,182.2,.1822,0,0,1,0,36.22687162008341
1,31,82,1,48.4,688.79999,56.99313227893138,38.53182326576336,4341.2002,4.4070001,1.9988,.16599999,1,1,36.22687162008341
0,32,82,0,27.6,91.599998,2.290453650986323,7.57949854320967,540.20001,.68940002,.4524,.040400002,1,0,36.22687162008341
0,33,82,0,0,,0,.2218764312196128,,0,0,0,1,0,36.22687162008341
0,35,82,0,0,,.065848214256891,0,,0,.064000003,.0040000002,1,0,36.22687162008341
0,36,82,0,3.4,8.6000004,.0331086959118189,.7155201517343436,230,.2308,.0012000001,.00020000001,1,0,36.22687162008341
1,37,82,0,30.8,118.6,6.775608962514119,9.779408155308611,816.40002,.84780002,6.8243999,.2904,1,0,36.22687162008341
0,38,82,0,3,6.1999998,.0652148857900825,.8065020543191788,470.60001,.4734,.0146,.0016000001,1,0,36.22687162008341
0,39,82,0,3.8,15.2,.2848916732422741,1.494779394255329,149.60001,.1496,.31320003,.024,1,0,36.22687162008341
0,40,82,0,2,5,0,,,0,.00050000002,0,1,0,36.22687162008341
0,42,82,0,1,5,0,,,0,.0020000001,0,1,0,36.22687162008341
0,44,82,0,3.2,11,.0371659703409036,1.303037327360023,153.8,.26479998,.0018,.001,1,0,36.22687162008341
0,47,82,0,.6666666666666666,2,0,,,0,0,0,1,0,36.22687162008341
0,48,82,0,3,8.6000004,.1426625530281049,.8059623865481841,720.20001,.7202,.0041999999,.00060000003,1,0,36.22687162008341
0,50,82,0,.3333333333333333,5.6666665,.0115106746761601,.6381200087430168,,0,0,0,1,0,36.22687162008341
0,51,82,0,6,100.5,0,,0,.0020000001,.05166667,.0046666665,1,0,36.22687162008341
0,52,82,0,1,9.5,0,,0,0,0,0,1,0,36.22687162008341
0,55,82,0,0,,0,,497.60001,.49760002,0,0,1,0,36.22687162008341
0,56,82,0,17.8,85.800003,1.205678411452724,6.824165729341691,1907,2.0696001,.078400001,.010600001,1,0,36.22687162008341
0,4,86,0,0,0,0,,,0,0,0,1,0,5.295498150637085
0,5,86,0,0,0,0,,,0,0,0,1,0,5.295498150637085
0,7,86,0,0,0,0,,,0,0,0,1,0,5.295498150637085
0,9,86,0,18.4,96.800003,4.842902285677279,7.047197461959419,267.39999,.2674,.023200002,.0086000003,1,0,5.295498150637085
0,12,86,0,2.2,14.8,0,.5057208236883696,,0,.0504,.0048000002,1,0,5.295498150637085
0,13,86,0,8.4,54.599998,1.795862277135711,3.839554539935782,124.4,.1244,.3924,.035599999,1,0,5.295498150637085
0,15,86,0,3.2,18.4,.301047856168295,1.505070850856194,1,.001,.0080000004,0,1,0,5.295498150637085
0,20,86,0,0,,0,,259.79999,.25979999,.0027999999,0,1,0,5.295498150637085
0,21,86,0,10.2,53,2.474487819530818,5.243374984206212,351.60001,.35159999,.32079998,.029999999,1,0,5.295498150637085
0,22,86,0,0,0,0,,,0,0,0,1,0,5.295498150637085
0,23,86,0,0,0,0,,57.5,.057500001,.0037499999,.001,1,0,5.295498150637085
0,25,86,0,3.4,10.2,.1005985965644885,.8703714031964717,56,.056000002,.023600001,.0070000002,1,0,5.295498150637085
0,26,86,0,0,,0,,1,.001,0,0,1,0,5.295498150637085
0,31,86,0,25.2,174.8,10.30717138517472,9.75659069234071,987.20001,.98720002,.32079998,.053799998,1,0,5.295498150637085
0,32,86,0,9,23.4,.2881670124560129,2.374414747326404,300.39999,.30039999,.075400002,.0098000001,1,0,5.295498150637085
0,33,86,0,0,1,0,,180.8,.18080001,0,0,1,0,5.295498150637085
0,37,86,0,3.8,23,.5143360534764418,1.5002907397042,.33333334,.00033333333,.33020002,.0306,1,0,5.295498150637085
0,40,86,0,0,0,0,,,0,.0040000002,.00050000002,1,0,5.295498150637085
0,41,86,0,0,0,0,,36.25,.036249999,0,0,1,0,5.295498150637085
0,42,86,0,0,0,0,,,0,0,0,1,0,5.295498150637085
0,45,86,0,0,0,0,,,0,0,0,1,0,5.295498150637085
0,50,86,0,0,0,0,,,0,0,0,1,0,5.295498150637085
0,51,86,0,0,0,0,,99.5,.0995,.00075000001,0,1,0,5.295498150637085
0,53,86,0,0,0,0,,,0,0,0,1,0,5.295498150637085
0,55,86,0,0,,0,,134.39999,.1344,0,0,1,0,5.295498150637085
0,56,86,0,15.4,41.200001,.520323202598941,3.543963708602935,1127,1.127,.0138,.0035999999,1,0,5.295498150637085
0,2,87,0,5.6,27.6,1.528292833633283,3.194848407212804,459,.48920003,.36560002,.034200002,1,0,26.86231254447148
0,3,87,0,5.4,12,.1160183066108612,.8630334107869736,284,.28400001,0,0,1,0,26.86231254447148
0,4,87,0,.2,0,0,.0617933687895687,0,.0020000001,0,0,1,0,26.86231254447148
0,5,87,0,.4,.40000001,.065885374658999,.3195132600227615,22.6,.060200002,.0074,.0041999999,1,0,26.86231254447148
0,6,87,0,18,87.199997,1.210929357934144,8.1144673624036,2080.2,2.1389999,0,0,1,0,26.86231254447148
0,7,87,0,0,0,0,,,0,.003,.0055,1,0,26.86231254447148
0,8,87,0,9.4,46.799999,1.142441670022784,5.793084543621109,1081.4,1.163,.0061999997,.001,1,0,26.86231254447148
0,9,87,0,1,1.5,.0753557601679983,.2178443357076381,2.4000001,.0024000001,.056000002,.0016000001,1,0,26.86231254447148
0,10,87,0,.8,.80000001,.0614679123681853,.3806106038880114,558,.55800003,.0034,.00040000002,1,0,26.86231254447148
0,12,87,0,7,22,.3560947445985843,1.874493229783823,496.20001,.57980001,2.1494,.059,1,0,26.86231254447148
0,13,87,1,20.6,143.60001,5.21921792556577,8.719368356710856,672,.7148,4.5440001,.123,1,1,26.86231254447148
0,14,87,0,0,,0,,45.666668,.045666669,0,0,1,0,26.86231254447148
0,15,87,0,23,144.2,7.624366338461273,9.946902699599411,1182.6,1.214,.38979998,.034400001,1,0,26.86231254447148
0,16,87,0,.4,1,.004324324324,.3344886685240709,13.2,.1798,.060599998,.0038000001,1,0,26.86231254447148
0,17,87,0,17.4,21.6,.2041017588785605,3.512386828459691,439.20001,.43920001,.0064000003,.0018,1,0,26.86231254447148
0,20,87,0,0,,0,,5.1999998,.0154,.0035999999,0,1,0,26.86231254447148
0,21,87,0,10.8,32.400002,.7352791153819676,3.732018826285907,372.20001,.37220001,.55720001,.0414,1,0,26.86231254447148
0,22,87,0,2.4,8.3999996,.3443229024492719,1.694471650675673,1089,1.52,.0074,.0041999999,1,0,26.86231254447148
0,23,87,0,10.2,19.6,.5696358860370064,2.128636610987012,553.20001,.85759997,.0083999997,.0055999998,1,0,26.86231254447148
0,24,87,0,0,0,0,,,0,.016000001,.0024999999,1,0,26.86231254447148
0,25,87,0,19,145.2,5.755791575651338,10.44774747681149,2592,2.592,.29120001,.023399999,1,0,26.86231254447148
0,26,87,0,9.800000000000001,57.799999,3.809791454064102,5.087650463734681,14.2,.17919999,0,0,1,0,26.86231254447148
0,29,87,0,.4,1.4,.0241017081822782,.5323860447401585,352.60001,.35260001,0,0,1,0,26.86231254447148
0,30,87,0,13,43.200001,1.99682431839034,4.710792264528573,846.20001,.86759996,0,0,1,0,26.86231254447148
0,31,87,0,43.4,343.20001,15.95396609229351,25.82690829688839,2468.3999,2.5274,1.104,.0986,1,0,26.86231254447148
0,32,87,1,28.4,107.6,6.896447435293941,6.742749505261748,969,1.089,.47239998,.051400002,1,1,26.86231254447148
0,33,87,0,0,,.217297297281,.07567567567,139.60001,.13960001,0,0,1,0,26.86231254447148
0,34,87,0,.4,.80000001,.0703048933294046,.2151835936783686,399.79999,.3998,.0035999999,.00080000004,1,0,26.86231254447148
0,36,87,0,4.6,13.6,.5140366049257249,1.074727659608205,333,.35299999,.0016000001,.0012000001,1,0,26.86231254447148
0,37,87,0,21.8,117,5.475471822004052,7.931184109905661,710.79999,.74220002,5.2249999,.2234,1,0,26.86231254447148
0,38,87,0,1.2,1,0,.5924513718569311,16.4,.0164,.040400002,.0027999999,1,0,26.86231254447148
0,39,87,0,7.8,40.200001,.3490631087444749,2.497812358527076,785,.78500003,.086599998,.0086000003,1,0,26.86231254447148
0,40,87,0,3.2,16.6,.1378906306500606,1.866022523439366,1118.8,1.1188,.0060000001,.0014,1,0,26.86231254447148
0,41,87,0,0,19,1.058352402515253,.0961098397959798,0,0,0,0,1,0,26.86231254447148
0,42,87,0,.6,2,0,,,0,.0014,0,1,0,26.86231254447148
0,44,87,0,2.4,2.2,.0096838107570936,.5664639948782757,125.6,.18939999,.0074,.0041999999,1,0,26.86231254447148
0,45,87,0,0,0,0,,,0,.0074,.0041999999,1,0,26.86231254447148
0,47,87,0,1,7.3333335,.9329692533047469,1.234262154471613,281.66666,.28166667,.00080000004,.00020000001,1,0,26.86231254447148
0,48,87,0,13,27.200001,.5494955251891172,2.409447763169553,246.2,.37379998,.0112,.0018,1,0,26.86231254447148
0,50,87,0,6.4,19.4,.425786929986934,2.38010779038698,,0,0,0,1,0,26.86231254447148
0,51,87,0,16.8,105,6.102644449567306,7.753548579734931,1,.001,.024,.0046000001,1,0,26.86231254447148
0,52,87,0,3.4,12.8,.1792990621341768,1.580304564913937,225.39999,.2254,0,0,1,0,26.86231254447148
0,53,87,0,0,,0,,1747.2,1.7471999,.00060000003,.00060000003,1,0,26.86231254447148
0,55,87,0,2,33.599998,.7640969384263478,1.653280926292171,2049.6001,2.0496001,0,0,1,0,26.86231254447148
0,56,87,0,14.6,59.799999,1.196136111876992,4.734915981469491,1579.2,1.8376,.1048,.0164,1,0,26.86231254447148
0,5,88,0,6.6,6.4000001,0,,190.60001,.3946,.0024000001,.00080000004,1,0,17.26230090775156
0,6,88,0,16,76.400002,0,,945.59998,.94559997,.00020000001,.00020000001,1,0,17.26230090775156
0,8,88,0,17,146.8,0,,691.40002,.69140005,.0080000004,.0014,1,0,17.26230090775156
0,10,88,0,0,0,0,,166.60001,.1666,.00060000003,0,1,0,17.26230090775156
0,11,88,0,0,,0,,0,.001,0,0,1,0,17.26230090775156
0,12,88,0,15.2,112.8,0,,719.79999,.759,2.2072001,.071999997,1,0,17.26230090775156
0,13,88,0,17,104,0,,486,.50959998,2.2986002,.1372,1,0,17.26230090775156
0,14,88,0,0,,0,,2,.0074999998,0,0,1,0,17.26230090775156
0,15,88,0,17.4,159.60001,0,,629,.62900001,.069199994,.0093999999,1,0,17.26230090775156
0,17,88,0,3.8,10.8,0,,280.39999,.43539998,.0018,.00020000001,1,0,17.26230090775156
0,18,88,0,1.6,2,0,,8.3999996,.053799998,0,.00020000001,1,0,17.26230090775156
0,20,88,0,3.4,17.4,0,,194.8,.19599999,.00080000004,0,1,0,17.26230090775156
0,21,88,0,2.6,9.6000004,0,,12,.012,.61059999,.033599999,1,0,17.26230090775156
0,22,88,0,7.2,11.2,0,,337,.91620004,.0024000001,.00080000004,1,0,17.26230090775156
0,23,88,0,5.2,10,0,,162,.1948,.0014,.00040000002,1,0,17.26230090775156
0,24,88,0,0,,0,,0,.0083999997,.011,.00080000004,1,0,17.26230090775156
0,25,88,0,10.4,86,0,,1518.2,1.5184001,.1136,.014,1,0,17.26230090775156
0,26,88,0,1,7.4000001,0,,0,.0022,0,0,1,0,17.26230090775156
0,27,88,0,0,,0,,0,.001,0,0,1,0,17.26230090775156
0,29,88,0,0,,0,,125,.163,0,0,1,0,17.26230090775156
0,31,88,0,20,217.39999,0,,1361.2,1.3612,.5388,.0484,1,0,17.26230090775156
0,32,88,0,15,33.400002,0,,343.39999,.5966,.1198,.025799999,1,0,17.26230090775156
0,33,88,0,4.2,6.4000001,0,,,0,0,0,1,0,17.26230090775156
0,34,88,0,2,.40000001,0,,11.4,.053199999,.00020000001,0,1,0,17.26230090775156
0,35,88,0,10.8,61.599998,0,,715,.71499997,.0392,.00060000003,1,0,17.26230090775156
0,36,88,0,2,4.8000002,0,,85.599998,.090400003,.00020000001,.00020000001,1,0,17.26230090775156
0,37,88,0,13.8,61.599998,0,,239.2,.2568,1.4544001,.1184,1,0,17.26230090775156
0,38,88,0,1.8,1.6,0,,242,.24519999,.0134,.0016000001,1,0,17.26230090775156
0,39,88,0,10.4,22.200001,0,,363.60001,.36360002,.1072,.0092000002,1,0,17.26230090775156
0,44,88,0,0,.33333334,0,,1.8,.0022,.0024000001,.00080000004,1,0,17.26230090775156
0,47,88,0,0,,0,,0,0,.00060000003,0,1,0,17.26230090775156
0,48,88,0,4.6,16.799999,0,,302.20001,.3026,.0098000001,.00020000001,1,0,17.26230090775156
0,49,88,0,1,4.4000001,0,,17.6,.1138,0,0,1,0,17.26230090775156
0,50,88,0,0,4.1999998,0,,,0,0,0,1,0,17.26230090775156
0,51,88,0,4.2,56.599998,0,,,0,.045599997,.0024000001,1,0,17.26230090775156
0,52,88,0,1,7,0,,,0,0,0,1,0,17.26230090775156
0,55,88,0,0,0,0,,1178.8,1.1788001,0,0,1,0,17.26230090775156
0,56,88,0,9.800000000000001,32.400002,0,,98,.097999997,.0272,.0035999999,1,0,17.26230090775156
0,3,89,0,1.2,1.8,.0011441647594759,.377814792464894,181.8,.18180001,0,.0014,1,0,7.964722248677315
0,5,89,0,4,8.3999996,.0066702776766511,1.237064869655925,301.20001,.3188,.00020000001,.00040000002,1,0,7.964722248677315
0,10,89,0,4,6.3333335,.007567567567,.844324324261,244.2,.24419999,.00020000001,0,1,0,7.964722248677315
0,13,89,0,6.4,46.400002,.7965244474795978,3.155892545355747,180.2,.1802,.61680001,.0548,1,0,7.964722248677315
0,15,89,0,16.4,102.2,4.413135169705392,8.176498126281865,688,.6882,.029200001,.0035999999,1,0,7.964722248677315
0,17,89,0,6.2,26.200001,.6907151280795003,2.253538504336403,655.20001,.6552,.00080000004,.001,1,0,7.964722248677315
0,20,89,0,1,4.5999999,.1027617281826295,.3358492857172951,0,0,.00020000001,0,1,0,7.964722248677315
0,22,89,0,5,12.2,.1030054355002468,1.172792240945473,307.60001,.3242,.00020000001,.00040000002,1,0,7.964722248677315
0,23,89,0,4.4,8.3999996,.0494460919979836,.9691408074682697,150.2,.16080001,0,0,1,0,7.964722248677315
0,25,89,0,12.2,49,.7637509688665072,3.687951390118069,1085.6,1.1536,.0416,.0070000002,1,0,7.964722248677315
0,26,89,0,0,,0,,90.599998,.090999998,0,0,1,0,7.964722248677315
0,31,89,0,23.8,193.39999,9.005898606811098,12.74264361692186,692.79999,.69640005,.259,.028999999,1,0,7.964722248677315
0,32,89,0,16.6,55.799999,.5991110069524503,3.840585571244447,267.39999,.2726,.206,.032599997,1,0,7.964722248677315
0,33,89,0,0,,0,,52.75,.052749999,0,0,1,0,7.964722248677315
0,34,89,0,1.8,2,.0037185354682968,.482164055925596,12.8,.0186,0,0,1,0,7.964722248677315
0,36,89,0,1,2.8,.0102354964825071,.3703109836055271,67.199997,.086599998,.00020000001,.00040000002,1,0,7.964722248677315
0,37,89,0,13.6,73,2.247335507813526,4.889728422195501,152,.15260001,1.3694,.12980001,1,0,7.964722248677315
0,38,89,0,4.6,9.6000004,.0770002581545267,.8643117526714572,331.60001,.33160001,.00060000003,.00080000004,1,0,7.964722248677315
0,39,89,0,6.4,22.200001,.4444568911992254,1.405008334823455,290.79999,.29079998,.022200001,.0078000003,1,0,7.964722248677315
0,41,89,0,16,72,0,,152.2,.162,0,0,1,0,7.964722248677315
0,42,89,0,0,,.0282167042820457,0,,0,.003,0,1,0,7.964722248677315
0,43,89,0,0,,0,,0,0,0,0,1,0,7.964722248677315
0,44,89,0,2.4,2.5999999,.0004464285712332,.4550886564941605,29.6,.034599997,.00020000001,.00040000002,1,0,7.964722248677315
0,47,89,0,0,,0,,99.599998,.1186,0,0,1,0,7.964722248677315
0,48,89,0,5.2,21.799999,.4572266005988057,1.257307877892924,386.39999,.38639998,.014,.003,1,0,7.964722248677315
0,49,89,0,3,7.1999998,.0387549004958143,1.134189676384183,497.79999,.50920004,0,0,1,0,7.964722248677315
0,50,89,0,0,1.4,.0011160714280829,0,129.2,.1292,0,0,1,0,7.964722248677315
0,55,89,0,0,,0,,457.79999,.4578,0,0,1,0,7.964722248677315
0,56,89,0,15,65,.9367267123464823,5.101723621506348,1466.6,1.5201999,.022600001,.0088,1,0,7.964722248677315
0,9,90,0,14.2,80.599998,6.217019869463576,7.590566988568598,193.39999,.1934,.067400001,.0104,1,0,5.587133149272922
0,13,90,0,7,46.200001,.505662043678163,3.943674384550592,170.2,.17019999,.61620003,.034200002,1,0,5.587133149272922
0,15,90,0,2.6,19.4,0,,73.599998,.073600002,.0132,.0040000002,1,0,5.587133149272922
0,21,90,0,9.4,23.200001,.4704888569975618,3.153338977888423,89,.089000002,.1726,.0136,1,0,5.587133149272922
0,25,90,0,6.6,13,.0395339351760027,1.843714807653989,514,.514,.0071999999,.0020000001,1,0,5.587133149272922
0,31,90,0,19,134,6.130025352840293,6.459046035374397,1048,1.048,.66320002,.069600001,1,0,5.587133149272922
0,32,90,0,9.199999999999999,16.799999,.16500072931612,2.020793959669363,169.8,.1698,.034599997,.0078000003,1,0,5.587133149272922
0,33,90,0,0,,0,.0731773698410775,,0,0,0,1,0,5.587133149272922
0,35,90,0,0,1,0,,,0,.003,0,1,0,5.587133149272922
0,37,90,0,5.8,32.200001,2.019569791081126,2.143277005779972,6.4000001,.0064000003,.99220002,.059999999,1,0,5.587133149272922
0,42,90,0,0,,0,.2928158227057553,,0,0,0,1,0,5.587133149272922
0,49,90,0,0,,.0015135135134,.4967077262035717,,0,0,0,1,0,5.587133149272922
0,55,90,0,0,,0,,192,.192,0,0,1,0,5.587133149272922
0,56,90,0,6,9.8000002,.0566410827609534,1.27802797202045,91.800003,.091800004,.0061999997,.0016000001,1,0,5.587133149272922
0,3,91,0,3.2,7.4000001,.0010989010985772,.0945895826839795,,0,0,.00040000002,1,0,17.85164446464615
0,4,91,0,0,,.0027901785702072,.0016741071421243,,0,0,0,1,0,17.85164446464615
0,5,91,0,0,,.0015737373318733,.1875700822071361,0,.0076000001,.001,.0012000001,1,0,17.85164446464615
0,6,91,0,18.2,65.599998,.5748223141590625,6.902555944914107,1477.6,1.4776,0,0,1,0,17.85164446464615
0,8,91,0,25.2,147.60001,7.11418320988677,11.8570753692653,1111.6,1.1934,.0054000001,.00080000004,1,0,17.85164446464615
0,10,91,0,0,1.6666666,0,,,0,.0063333334,0,1,0,17.85164446464615
0,12,91,0,13.8,66.800003,2.37095847101158,5.731126138700008,568,.67859995,1.3458,.056599997,1,0,17.85164446464615
0,13,91,0,18.8,124.4,2.975591605868146,9.264920623637682,456.39999,.49520001,2.3696001,.1094,1,0,17.85164446464615
1,15,91,0,25,171,7.951355533627252,13.27215662478197,1227.8,1.2781999,.30020002,.032000002,1,0,17.85164446464615
0,17,91,0,5.6,16.200001,.3348383481361717,1.683906420867115,533.40002,.5334,.0048000002,.0016000001,1,0,17.85164446464615
0,18,91,0,0,2,.0094430681572636,.1645189987279214,,0,0,0,1,0,17.85164446464615
0,20,91,0,1,1,0,,32.200001,.041200001,.0054000001,0,1,0,17.85164446464615
0,21,91,0,14.4,77.800003,5.844717634245184,5.537404093580927,143.8,.14380001,.3274,.024600001,1,0,17.85164446464615
0,22,91,0,0,,.1623731020695609,.3154653380851393,603,.60720003,.001,.0012000001,1,0,17.85164446464615
0,23,91,0,5,8.1999998,.1529700154295723,1.224233605718793,291.39999,.3592,.0055999998,.001,1,0,17.85164446464615
0,25,91,1,18,97.800003,3.357066390578025,5.770676706570853,2516,2.5502,.3046,.021,1,1,17.85164446464615
0,27,91,0,0,,.0094430681572636,.055501796000003,0,.001,0,0,1,0,17.85164446464615
0,29,91,0,0,,0,,0,0,0,0,1,0,17.85164446464615
1,31,91,1,26,295.39999,20.17968396044401,19.86448788420582,2106,2.2521999,1.2029999,.1188,1,1,17.85164446464615
0,32,91,1,26.2,58.799999,.6657679141570807,6.601712475545288,990,1.1078,.3978,.058200002,1,1,17.85164446464615
0,36,91,0,2.6,5,.2402153857625395,.3413983639735752,313.39999,.3238,.0020000001,.00040000002,1,0,17.85164446464615
0,37,91,0,24.8,135.8,5.716638126958202,11.5494186038615,583,.60579997,4.619,.27160001,1,0,17.85164446464615
0,38,91,0,5,15.4,.1919886930326176,.8596575724787877,385.39999,.3854,.025,.0024000001,1,0,17.85164446464615
0,39,91,0,7.8,15.8,.1200883914794986,1.609607005451401,364.60001,.3646,.057,.0048000002,1,0,17.85164446464615
0,41,91,0,0,1.3333334,.1171608736949726,.0937014421980826,,0,0,0,1,0,17.85164446464615
0,42,91,0,4.4,11.2,.0035238419046796,1.444863518734263,0,0,.001,.00060000003,1,0,17.85164446464615
0,43,91,0,0,,.1661871936209272,1.863189011312631,,0,0,0,1,0,17.85164446464615
0,46,91,0,0,,0,,7.8000002,.012800001,0,0,1,0,17.85164446464615
0,47,91,0,0,2,0,,,0,0,0,1,0,17.85164446464615
0,48,91,0,4.6,17,.5034037174733964,1.273210254676191,461.60001,.48820001,.0034,.0018,1,0,17.85164446464615
0,49,91,0,4,10.2,.0198913034357332,.9733477756862294,494.20001,.60119998,0,0,1,0,17.85164446464615
0,50,91,0,2,12,0,.2579186202134353,,0,0,0,1,0,17.85164446464615
0,52,91,0,0,,0,,72,.071999997,0,0,1,0,17.85164446464615
0,53,91,0,0,,.0842072197631741,.1713649216657463,,0,.011399999,.0012000001,1,0,17.85164446464615
0,55,91,0,6,17.333334,0,,1647.6,1.6475999,0,0,1,0,17.85164446464615
0,56,91,0,10.2,34,.545067193932179,2.30463809767991,.2,.00060000003,.078400001,.0048000002,1,0,17.85164446464615
0,3,92,0,0,,.0148104236822394,.0573856733901746,92.199997,.092199996,.00040000002,.00080000004,1,0,15.36071296852974
0,5,92,0,5,10.4,.0927879265969563,1.038368297622984,16.4,.5194,.0014,.0012000001,1,0,15.36071296852974
0,6,92,0,8.4,41,.4312315577951248,3.522273808273351,639.59998,.63959998,0,.00020000001,1,0,15.36071296852974
0,8,92,0,8.6,33.599998,.8019999332496968,3.690717449167284,542,.542,.0034,.00020000001,1,0,15.36071296852974
0,10,92,0,7.2,12.8,.376358075973909,1.026234997533934,418.79999,.4188,.0074,.00060000003,1,0,15.36071296852974
0,11,92,0,5,5.6666665,0,,,0,0,0,1,0,15.36071296852974
0,12,92,0,3,4,.0006676834847127,.2813316554734953,13.2,.038799997,.49579999,.0328,1,0,15.36071296852974
0,13,92,0,16.2,99,1.713904759281773,7.626868868143334,448.39999,.53299999,2.0888,.119,1,0,15.36071296852974
0,15,92,0,14,98.599998,2.889394201291863,7.708460711161696,947.59998,.95540005,.088199995,.0112,1,0,15.36071296852974
0,16,92,0,1.4,3.2,.0100493041135762,.7185361130269531,0,.0308,.0076000001,.0012000001,1,0,15.36071296852974
1,17,92,0,12.4,49.599998,1.669332687867646,3.848828608820821,1663.6,1.6636,.0052,.0026,1,0,15.36071296852974
0,18,92,0,5,1,.001081081081,.700296999007787,11,.1628,0,0,1,0,15.36071296852974
0,20,92,0,2,4.5999999,.0264123329132846,.544358776883997,0,.066800006,.0035999999,.00020000001,1,0,15.36071296852974
0,22,92,0,10.4,16.799999,.1934616584420313,2.557837558846368,62.799999,1.217,.0014,.0012000001,1,0,15.36071296852974
0,23,92,0,3,5.8000002,.0224869053755842,.6658891856952281,0,.14639999,.00020000001,.00020000001,1,0,15.36071296852974
0,24,92,0,2,6.5999999,.1121120880069968,.6287403489568671,186.39999,.29720002,.0046000001,.00040000002,1,0,15.36071296852974
0,25,92,0,18,118.8,3.8502986644555,7.943087454104219,3047.2,3.0808001,.3626,.028000001,1,0,15.36071296852974
0,26,92,0,3.2,18.4,0,1.631269804649327,522.79999,.5862,0,0,1,0,15.36071296852974
0,27,92,0,4.8,1,0,.5011379013051498,10.4,.1104,0,0,1,0,15.36071296852974
0,29,92,0,5.5,4.5,.002869574589801,.8640265341300201,3.8,.152,0,0,1,0,15.36071296852974
0,31,92,0,26.2,285.79999,14.47844487118994,17.26105907483449,1683.4,1.7162,.61519998,.060400002,1,0,15.36071296852974
0,32,92,0,31.4,96.599998,2.087257625230125,6.900400043503015,1276.6,1.898,.2534,.037599999,1,0,15.36071296852974
0,33,92,0,0,,0,.0323181120730596,0,.091800004,0,0,1,0,15.36071296852974
0,34,92,0,4,2.8,.0099417823890334,1.031432485386872,7.4000001,.257,.00040000002,.001,1,0,15.36071296852974
0,36,92,0,3.6,3.8,.0287912087827217,.4534202550096844,3.5999999,.1136,.00080000004,.00040000002,1,0,15.36071296852974
0,37,92,0,19.6,89.199997,2.721491639470061,8.748331056519991,374.39999,.44320002,3.1600001,.13,1,0,15.36071296852974
0,38,92,0,.8,3.2,.0324890005974887,.2798822168507258,,0,.0146,.001,1,0,15.36071296852974
0,39,92,0,7,23.799999,.6886564025028342,1.522311626856657,10.2,.057599999,.167,.0174,1,0,15.36071296852974
0,40,92,0,17,85.599998,1.446066893746568,7.312209027373856,1036.4,1.0364001,.0096000005,.00040000002,1,0,15.36071296852974
0,41,92,0,0,,0,,0,.14399999,0,0,1,0,15.36071296852974
0,42,92,0,1,1,0,,,0,0,0,1,0,15.36071296852974
0,46,92,0,19.2,36.599998,.6790552299686756,4.976171106315713,127.8,1.5758001,0,0,1,0,15.36071296852974
0,47,92,0,2,2.3333333,0,,0,.26460001,.00020000001,0,1,0,15.36071296852974
0,48,92,0,7.4,25.200001,.1458931131088912,1.34033526631589,27.4,.0274,.0040000002,.00060000003,1,0,15.36071296852974
0,49,92,0,3,11.2,.0995641942283449,1.220072936038992,18.4,.3502,.00020000001,0,1,0,15.36071296852974
0,50,92,0,0,,.0225197505146803,.0085906984884549,,0,0,0,1,0,15.36071296852974
0,52,92,0,0,,0,.0035876008427808,,0,0,0,1,0,15.36071296852974
0,56,92,0,16,62.599998,.9770561188054462,6.389710272307422,2213.8,2.3592,.089199997,.011600001,1,0,15.36071296852974
0,3,93,0,0,,0,,194.8,.1948,.00020000001,.00020000001,1,0,21.15050009494698
0,4,93,0,2,2,.0152322670128641,.3039740158011943,7.4000001,.066599995,0,0,1,0,21.15050009494698
0,5,93,0,6,7.8000002,.0121014396158324,1.490197977716241,291.79999,.6146,.00080000004,.0022,1,0,21.15050009494698
0,6,93,0,25.6,79.599998,1.190691523286233,6.477213753618368,906.40002,.90640002,0,0,1,0,21.15050009494698
0,8,93,0,18,121.6,4.199976335613004,7.54948880418199,1100.6,1.1896,.0035999999,.0016000001,1,0,21.15050009494698
0,10,93,0,2.2,4,.0226741948599087,.4658145837135829,289.20001,.28920001,.012399999,.0014,1,0,21.15050009494698
0,12,93,1,12,67.800003,1.393480837097604,4.752036735137811,392.20001,.39220002,1.4734,.1088,1,1,21.15050009494698
0,13,93,0,23.6,129.39999,3.870239625024689,7.890084843426099,550,.56620002,1.5378001,.1166,1,0,21.15050009494698
0,14,93,0,0,0,0,.040240276543434,,0,0,.00020000001,1,0,21.15050009494698
1,15,93,0,26.6,242.2,11.13742240230924,12.75752782058786,1341.4,1.358,.075800002,.013,1,0,21.15050009494698
0,16,93,0,0,,0,,0,.1618,.046,.0038000001,1,0,21.15050009494698
0,17,93,0,13.6,46.599998,1.005894538696423,4.047360927648931,37.200001,.366,.0049999999,.00080000004,1,0,21.15050009494698
0,18,93,0,3,1,0,.3661108053040813,32.599998,.071999997,.00020000001,.00040000002,1,0,21.15050009494698
0,19,93,0,17,87.199997,4.29405451276496,6.497174090822024,564.79999,.56479996,.043599997,.0083999997,1,0,21.15050009494698
0,20,93,0,6.8,16.6,.290796509966353,1.578899068658044,680.59998,.85440004,.0032000002,.00020000001,1,0,21.15050009494698
0,22,93,0,8,21.4,.2375962196852207,2.197289622353209,724.59998,1.145,.00080000004,.0022,1,0,21.15050009494698
0,23,93,0,10.4,50.200001,2.053418896061729,2.3314025031217,444,.8118,.0018,.0020000001,1,0,21.15050009494698
0,25,93,1,22.8,141.60001,4.048972510218455,9.637492330099198,2514.8,2.6359999,.12899999,.016000001,1,1,21.15050009494698
0,26,93,0,9.800000000000001,91,4.827200023705361,3.99575672134893,404.39999,.40439999,0,0,1,0,21.15050009494698
0,27,93,0,3,1.2,.0015624999993161,.3592676521723557,15.8,.028999999,.00020000001,.00040000002,1,0,21.15050009494698
0,29,93,0,5,8.1999998,.1509304386299513,1.002779465824818,166,.35499999,0,0,1,0,21.15050009494698
0,30,93,0,0,,0,,344.39999,.34439999,0,0,1,0,21.15050009494698
0,31,93,1,56.4,476.60001,23.8291826049848,23.04237550244783,3207.6001,3.2614,.67180002,.088599995,1,1,21.15050009494698
0,32,93,0,23.6,50.599998,.2855195819932614,6.203469256438737,500,.722,.17539999,.0328,1,0,21.15050009494698
0,34,93,0,2,1,.0046731259975694,.417420339631968,63.400002,.069600001,0,0,1,0,21.15050009494698
0,36,93,0,6,8.6000004,.0716859876379515,1.573925278679233,213,.39300001,.003,.0012000001,1,0,21.15050009494698
0,37,93,0,29.4,148,5.8577224239304,7.280830402961283,567.59998,.58499998,2.904,.2464,1,0,21.15050009494698
0,38,93,0,5,9,.1059643905729962,.9969127487882242,323.60001,.32359999,.0144,.003,1,0,21.15050009494698
0,39,93,0,12.6,77.599998,1.432015621929739,4.285936553049968,665.59998,.6656,.14160001,.023200002,1,0,21.15050009494698
0,40,93,0,0,,0,,161.8,.1618,.0022,.00060000003,1,0,21.15050009494698
0,41,93,0,6,22.200001,.386522534274207,1.437811955980282,72.800003,.17399999,0,0,1,0,21.15050009494698
0,42,93,0,19.6,42,.2336149539907006,4.515565270502809,1384.6,1.3845999,.0027999999,.00040000002,1,0,21.15050009494698
0,44,93,0,7,6.4000001,.0244492723666666,1.463049449922838,215.8,.35420001,.00080000004,.0022,1,0,21.15050009494698
0,45,93,0,3.4,2.5999999,.0106607460273387,.6970937363675872,85.599998,.092599995,.00080000004,.0022,1,0,21.15050009494698
0,47,93,0,3.4,16.6,.4984023691363477,.7889147799206105,623.59998,.7392,.00080000004,0,1,0,21.15050009494698
0,48,93,0,5,16.200001,.1324401769696849,1.398041672286351,561.79999,.56440002,.010199999,.0018,1,0,21.15050009494698
0,49,93,0,0,,0,,0,.021200001,0,0,1,0,21.15050009494698
0,50,93,0,0,.5,.0030994175495837,.2314916590348003,137.2,.1372,0,0,1,0,21.15050009494698
0,51,93,0,21.6,121,5.472190915998013,7.695144685643638,666.20001,.66620004,.0064000003,.003,1,0,21.15050009494698
0,52,93,0,9.6,40.200001,1.177577742051924,2.524241890378061,371.20001,.37120003,0,0,1,0,21.15050009494698
0,53,93,0,0,,0,,589.79999,.5898,.0020000001,.0012000001,1,0,21.15050009494698
0,55,93,0,0,,0,,742.40002,.74240005,0,0,1,0,21.15050009494698
0,56,93,0,24.2,103,2.479708911399952,6.496742038078871,1545,1.545,.0482,.0093999999,1,0,21.15050009494698
0,6,94,0,12.2,25,0,,0,.0255,0,.00020000001,1,0,5.046558749292517
0,8,94,0,15,44.400002,3.34976436408956,7.856025939199656,373.79999,.47679999,.00020000001,.00060000003,1,0,5.046558749292517
0,10,94,0,0,,0,,56.5,.056499999,0,0,1,0,5.046558749292517
0,12,94,0,0,,0,,48.599998,.048599999,.3628,.012800001,1,0,5.046558749292517
0,15,94,0,21.4,42,4.065463617308526,11.18115652932541,727.20001,.76859999,.071199998,.0142,1,0,5.046558749292517
0,23,94,0,1,1.25,0,,,0,.00025000001,0,1,0,5.046558749292517
0,25,94,0,16.2,65.800003,0,,552.40002,.55240005,.027799999,.0016000001,1,0,5.046558749292517
0,26,94,0,3.8,12,0,,442.39999,.48160002,0,0,1,0,5.046558749292517
0,31,94,0,41.4,170,8.547110839535057,19.79190695904068,1191.2,1.3598001,.80040002,.063200004,1,0,5.046558749292517
0,32,94,0,1.8,4,0,,,0,.0308,.0104,1,0,5.046558749292517
0,40,94,0,3.2,17,0,,501,.50099999,.00040000002,.00040000002,1,0,5.046558749292517
0,48,94,0,0,1,0,,,0,.0023333333,.001,1,0,5.046558749292517
0,51,94,0,7.6,18.6,0,,196,.19599999,.0038000001,.00060000003,1,0,5.046558749292517
0,55,94,0,0,,0,,643,.64300001,0,0,1,0,5.046558749292517
0,56,94,0,0,1,0,,21,.021,.014,.0020000001,1,0,5.046558749292517
0,10,95,0,2.8,10,.1061200975646986,.6488630582700605,694.59998,.69459999,.00020000001,.00020000001,1,0,3.545363581865254
0,13,95,0,2,7,0,,,0,.0986,.0112,1,0,3.545363581865254
0,15,95,0,24.4,186,5.987840633999547,12.9036130822683,1363.8,1.3638,.022200001,.0035999999,1,0,3.545363581865254
0,23,95,0,0,,.0004359964359154,.1993368878803688,,0,0,0,1,0,3.545363581865254
0,25,95,0,11.4,55.799999,.7565162229642535,5.373371499128846,1504.6,1.5045999,.0458,.0099999998,1,0,3.545363581865254
0,26,95,0,3.4,11,.0008928571424663,.2847879680327892,859,.8858,0,0,1,0,3.545363581865254
0,31,95,0,17.6,134.8,5.493904334433183,8.426333226732583,742.79999,.7428,.1164,.019399999,1,0,3.545363581865254
0,32,95,0,8,22.4,.0446346542217993,2.566843418911038,94,.093999997,.022799999,.0049999999,1,0,3.545363581865254
0,33,95,0,0,0,.0614145083145769,.5695710045735038,,0,0,0,1,0,3.545363581865254
0,37,95,0,5,23.4,.6073210676999193,2.390152547024898,0,0,.39139998,.0614,1,0,3.545363581865254
0,38,95,0,.8,2,.0221677242870963,.3033586005211077,,0,.001,.00020000001,1,0,3.545363581865254
0,41,95,0,.4,.40000001,0,.3909668012951419,,0,0,0,1,0,3.545363581865254
0,42,95,0,2,5.8000002,0,,,0,0,.00020000001,1,0,3.545363581865254
0,48,95,0,0,,.0005494505492886,.0068649885568557,,0,.00050000002,0,1,0,3.545363581865254
0,51,95,0,1,4.8000002,0,,64,.064000003,.0014,.00040000002,1,0,3.545363581865254
0,55,95,0,0,,0,,512.79999,.51279998,0,0,1,0,3.545363581865254
0,56,95,0,12.4,44.799999,.6721867597859671,4.483990937853052,847.20001,.84720004,.0038000001,.0018,1,0,3.545363581865254
0,5,96,0,0,,0,,0,.0026666666,0,0,1,0,9.854988932084927
0,6,96,0,12.2,30.6,.8562159349176079,7.838167271485712,580.40002,.58040005,0,0,1,0,9.854988932084927
0,8,96,0,9.4,47.200001,1.860279179789938,.0617559523539204,373.60001,.52359998,.00040000002,.00060000003,1,0,9.854988932084927
0,11,96,0,0,,0,0,,0,0,0,1,0,9.854988932084927
0,12,96,0,12.4,81,2.424140859049464,4.901040981003656,427.39999,.51440001,1.212,.044,1,0,9.854988932084927
0,13,96,0,11.4,71.199997,1.953154269478406,3.776365832501773,420.79999,.4788,1.5006,.066599995,1,0,9.854988932084927
0,15,96,0,14,63.200001,2.100891212031911,4.38286810098194,433,.45739999,.1372,.012800001,1,0,9.854988932084927
0,17,96,0,1.5,9,0,.0697950697816236,331.60001,.33160001,.0018,.00060000003,1,0,9.854988932084927
0,25,96,0,21.2,78.199997,2.571829012714648,5.97847509128734,787.20001,.80180001,.15980001,.0136,1,0,9.854988932084927
0,26,96,0,0,,0,,0,0,0,0,1,0,9.854988932084927
0,31,96,0,18.4,128.2,6.834948194820932,6.488261625270661,457.79999,.4844,.51279998,.064599998,1,0,9.854988932084927
0,32,96,0,17.8,51.799999,1.771229090290116,3.900381553873725,556.79999,.65440005,.2586,.031399999,1,0,9.854988932084927
0,33,96,0,0,,0,.004324324324,.2,.00020000001,0,0,1,0,9.854988932084927
0,36,96,0,0,,0,,0,0,.00020000001,0,1,0,9.854988932084927
0,37,96,0,19.4,100.6,6.767724696343549,3.351341425237601,366,.39399999,2.1458001,.1078,1,0,9.854988932084927
0,38,96,0,1.5,2,0,.004324324324,0,.00066666666,.0074999998,.00025000001,1,0,9.854988932084927
0,39,96,0,1,1,0,.004324324324,0,0,.0122,.0014,1,0,9.854988932084927
0,40,96,0,7.8,29.200001,.7907516889525228,.0598958333071156,428.20001,.42820001,0,0,1,0,9.854988932084927
0,41,96,0,0,2,0,.004324324324,,0,0,0,1,0,9.854988932084927
0,42,96,0,2,2,0,,227,.227,0,0,1,0,9.854988932084927
0,48,96,0,4.4,10.4,.3269458078039622,.6265940593192442,0,.0294,.00040000002,0,1,0,9.854988932084927
0,49,96,0,.3333333333333333,0,.1810103380388783,.2887774986090654,0,.018999999,.00020000001,0,1,0,9.854988932084927
0,55,96,0,0,,0,,973.79999,.9738,0,0,1,0,9.854988932084927
0,56,96,0,9.199999999999999,35,.5882078359488691,3.523193399159013,340.79999,.34260002,.041999999,.0070000002,1,0,9.854988932084927
0,1,97,0,53.2,344.20001,1.289939611543205,7.368173837929413,,0,0,0,1,0,20.8487374422941
0,2,97,0,34.66666666666666,284.33334,9.725382134653174,24.16502619980441,968.40002,.99419999,1.3271999,.093999997,1,0,20.8487374422941
0,6,97,0,23,121.8,1.506501820784376,8.93003812854441,1207.4,1.2074001,0,0,1,0,20.8487374422941
0,8,97,0,19.2,178.8,6.198352643151027,12.38232659894998,799,.98079997,.010199999,.0018,1,0,20.8487374422941
0,12,97,1,5.666666666666667,34.333332,2.334515669756233,2.951068935101535,553.20001,.59500003,8.7840004,.285,1,1,20.8487374422941
1,13,97,1,24.2,298,10.89653184236719,14.46018279335193,610.20001,.61220002,9.1686001,.234,1,1,20.8487374422941
1,15,97,0,31,247,9.983649609021203,15.52708039706808,1697,1.7640001,.35520002,.030400001,1,0,20.8487374422941
0,16,97,0,1.666666666666667,17,1.145824189880346,1.139548031731271,361,.51820004,.68359995,.0416,1,0,20.8487374422941
0,17,97,0,4.25,15.75,.1556597787880246,.866112352853843,0,.13566667,.0046000001,.00020000001,1,0,20.8487374422941
0,19,97,0,16,87,3.522436317629804,7.873258683382692,399.60001,.3996,.16339999,.0154,1,0,20.8487374422941
0,20,97,0,2.5,8,.0832022310983357,.5703530112171171,294.33334,.34599999,.0144,.00080000004,1,0,20.8487374422941
0,21,97,0,3.5,38,.2066401273463081,1.663326013573541,151.2,.1512,1.4098001,.059,1,0,20.8487374422941
0,23,97,0,1,0,0,,,0,.0040000002,0,1,0,20.8487374422941
0,25,97,0,29,241.60001,9.393935621248497,12.43391099717948,2076.8,2.1013999,.49439999,.035,1,0,20.8487374422941
0,26,97,0,.6666666666666666,.33333334,0,.4544907846744322,77.400002,.077399999,0,0,1,0,20.8487374422941
0,27,97,0,1,1,0,,,0,0,0,1,0,20.8487374422941
0,29,97,0,0,,0,,62.599998,.062600002,0,.00020000001,1,0,20.8487374422941
0,30,97,0,4,34,.5953121271540103,1.269001052929371,296.60001,.29660001,0,0,1,0,20.8487374422941
1,31,97,1,28.6,434.20001,22.51525726788653,23.3571537995794,2688,2.7950001,1.6251999,.099399999,1,1,20.8487374422941
0,32,97,0,23.8,81.599998,2.243682558176622,6.826356608971447,762.59998,.8096,.2836,.046599999,1,0,20.8487374422941
0,33,97,0,0,1,0,.2160104158847828,,0,0,0,1,0,20.8487374422941
0,35,97,0,0,,0,.269751692936357,,0,.237,.0089999996,1,0,20.8487374422941
0,36,97,0,0,,0,.2305204119515474,,0,.0026666666,0,1,0,20.8487374422941
1,37,97,1,34.6,266,15.94461577940834,15.11326810884476,767.20001,.77179998,12.5876,.472,1,1,20.8487374422941
0,38,97,0,7.4,48.799999,1.792054569097709,.7151949026482241,,0,.059599999,.0027999999,1,0,20.8487374422941
0,39,97,0,0,,.2189957319907303,.3262138481683079,,0,.18275,.0099999998,1,0,20.8487374422941
0,41,97,0,0,,0,.0237512065539637,,0,0,0,1,0,20.8487374422941
0,42,97,0,0,1,0,,29,.028999999,.0053333333,.00033333333,1,0,20.8487374422941
0,46,97,0,3,20,0,,,0,0,0,1,0,20.8487374422941
0,47,97,0,0,,.0366132723032304,.026945273021176,,0,.001,0,1,0,20.8487374422941
0,48,97,0,2,6,0,,0,.0013333333,.0080000004,.00033333333,1,0,20.8487374422941
0,49,97,0,4.8,23.4,.5657681640987784,6.372131613314558,926,1.2066,0,0,1,0,20.8487374422941
0,50,97,0,0,,0,.178866192303461,,0,0,0,1,0,20.8487374422941
0,51,97,0,0,,0,,492.20001,.49220002,.0394,.0052,1,0,20.8487374422941
0,52,97,0,7.4,51.799999,1.659449359380507,2.28632479881283,159.2,.1592,0,0,1,0,20.8487374422941
0,55,97,0,0,,0,,57.599998,.057599999,0,0,1,0,20.8487374422941
0,56,97,0,4.5,39.75,4.573309912792037,4.406425649894419,627.40002,.6444,.0656,.0074,1,0,20.8487374422941
0,3,119,0,8.199999999999999,30.200001,.9117412703314983,4.367790389694617,427.79999,.4278,.00040000002,.00020000001,1,0,29.39606308412493
0,5,119,0,2,8.333333,.1832861244119408,.433632688181652,413.79999,.7428,.0104,.0014,1,0,29.39606308412493
0,6,119,0,18.6,64.599998,.3901505777868841,7.077841788529981,1521.2,1.5211999,0,0,1,0,29.39606308412493
0,8,119,0,20.8,255.60001,13.18793643703729,12.84795840831523,903.40002,.9034,.016799999,.0022,1,0,29.39606308412493
0,12,119,0,10.6,69,1.800376552175034,5.065411346618846,376.20001,.37620002,2.2653999,.064000003,1,0,29.39606308412493
0,13,119,0,19.4,163.2,4.592820471014205,11.50262725943861,410.60001,.43360001,3.9431999,.14219999,1,0,29.39606308412493
1,15,119,0,12.6,159,7.427399766936746,6.806694240493662,1181.2,1.1811999,.2052,.023600001,1,0,29.39606308412493
0,17,119,0,1.4,7.8000002,.0055306209469356,.486757078209422,207.60001,.21160001,.0024000001,0,1,0,29.39606308412493
0,20,119,0,2.2,15.8,.339776667177191,1.325967118433495,232.39999,.2816,.0099999998,.0016000001,1,0,29.39606308412493
0,21,119,0,4.6,16.6,.1934867390138681,1.842589451316411,72,.071999997,.42300001,.035799999,1,0,29.39606308412493
0,22,119,0,3,7.6666665,.005623012350244,.6050380128355257,402.79999,.6864,.0104,.0014,1,0,29.39606308412493
0,23,119,0,6.2,10.8,.1136466864250346,1.554636065588259,249.8,.34620002,.00060000003,.00060000003,1,0,29.39606308412493
0,25,119,1,16.6,130.2,2.494549351280241,9.204441654009171,1315.6,1.3176,.17039999,.019399999,1,1,29.39606308412493
0,26,119,0,0,2,0,.0776359085656469,,0,0,0,1,0,29.39606308412493
0,28,119,0,0,2,.0543086204186662,.1493670188244498,,0,.00020000001,.00020000001,1,0,29.39606308412493
0,29,119,0,1.6,4.4000001,.0053958535647566,.4897394860834973,197.2,.1972,0,0,1,0,29.39606308412493
1,31,119,0,40.6,660.20001,43.89763646738275,46.29076673882012,3075,3.075,2.1322,.1618,1,0,29.39606308412493
0,32,119,0,14.8,50.599998,.3517279687142494,4.275047800130539,234,.39320001,.61400002,.07,1,0,29.39606308412493
0,33,119,0,0,,0,.1327766743051404,,0,0,0,1,0,29.39606308412493
0,34,119,0,3,27,0,,,0,.00066666666,.00033333333,1,0,29.39606308412493
0,36,119,0,2,9.6000004,.1968209531600151,.6213025508507769,118.2,.1362,.0027999999,.00060000003,1,0,29.39606308412493
0,37,119,0,16.6,132.39999,4.543066627089986,10.02868521801163,493,.50760001,5.3736,.2906,1,0,29.39606308412493
0,38,119,0,2,12,.2594271471780858,1.409596615397603,229.8,.25060001,.0162,.0024000001,1,0,29.39606308412493
0,39,119,0,0,0,.0009153318075808,.0083001701526131,,0,.068599999,.0024000001,1,0,29.39606308412493
0,40,119,0,6.6,48.400002,1.170252885185168,3.188939417336242,,0,.0055999998,.00040000002,1,0,29.39606308412493
0,41,119,0,.2,1.4,0,.2233804512393661,,0,0,0,1,0,29.39606308412493
0,44,119,0,2,8,.0350527968907854,.3271906977135974,117,.23339999,.0104,.0014,1,0,29.39606308412493
0,46,119,0,0,,.0870491474504492,.1334526043875342,,0,0,0,1,0,29.39606308412493
0,48,119,0,3.2,18.200001,.2315323620948466,.9865029460010155,171.39999,.1714,.0052,.00080000004,1,0,29.39606308412493
0,49,119,0,3.2,16.799999,.1199374852286077,1.558685971273998,209,.30000001,0,0,1,0,29.39606308412493
0,50,119,0,0,10,.1650098188291086,1.082845367744753,,0,0,0,1,0,29.39606308412493
0,51,119,0,13.2,173.39999,11.28844040569532,10.23412084496952,1974,1.974,.0414,.0093999999,1,0,29.39606308412493
0,52,119,0,4.4,37.200001,1.009421642411023,3.127438391820554,148.60001,.14860001,0,0,1,0,29.39606308412493
0,55,119,0,.6666666666666666,48.666668,7.987803635151868,.7116372240791591,,0,0,0,1,0,29.39606308412493
0,56,119,1,10.8,48.599998,.7050707210905334,3.42476036724978,1292.8,1.2928001,.043000001,.003,1,1,29.39606308412493
